location,day_of_week,most_pedestrians
Sandridge Bridge,Friday,5279196
Sandridge Bridge,Saturday,5132340
Sandridge Bridge,Thursday,4743765
Sandridge Bridge,Wednesday,4662485
Sandridge Bridge,Sunday,4584276
Sandridge Bridge,Tuesday,4552631
Sandridge Bridge,Monday,4467348
Flinders Street Station Underpass,Sunday,4444509
Collins Place (South),Friday,4404678
Lonsdale St (South),Sunday,4367832
,,
,,
,,
,Query,
,"select sensor_name location,day day_of_week,sum(hourly_counts) most_pedestrians from pedestrian_table
group by sensor_name,day
order by most_pedestrians desc
limit 10",
