month,location,most_pedestrians
December,Sandridge Bridge,3325392
July,Sandridge Bridge,2978935
January,Sandridge Bridge,2952299
November,Sandridge Bridge,2874235
March,Sandridge Bridge,2855768
October,Sandridge Bridge,2751536
August,Sandridge Bridge,2732527
February,Sandridge Bridge,2689102
September,Sandridge Bridge,2607890
April,Sandridge Bridge,2581353
,,
,,
,Query used:,
,"select month, sensor_name location, sum(hourly_counts) as most_pedestrians
from pedestrian_table
group by month,location
order by most_pedestrians desc
limit 10",
