year,sensor_name,count,percentage_rise
2021,Westwood Place,260063,524.5059194
2021,Errol Street (East),1026380,365.4109154
2021,Flinders Ln -Degraves St (South),1694145,283.0013067
2021,Flinders Ln -Degraves St (North),844665,272.6753703
2021,Swanston St - RMIT Building 80,1848089,175.5516359
,,,
,,,
,,,
,Query,,
,"with agg_table
as
(select  year,sensor_name,sum(hourly_counts) as count  from pedestrian_table where year >= 2019
group by year,sensor_name)
select a2.*, ((a2.count-a1.count)/a1.count)*100 percentage_rise from agg_table a1, agg_Table a2
where a2.sensor_name = a1.sensor_name
and a2.year-1 = a1.year
and a2.year = 2021
order by percentage_rise desc
limit 5",,
