year,sensor_name,count,percentage_drop
2021,Pelham St (South),20686,-95.99972153
2021,Victoria Point,309276,-81.07533251
2021,Flinders St-Spark La,336858,-72.69982106
2021,Alfred Place,461953,-71.52084307
2020,Monash Rd-Swanston St (West),454407,-70.59056142
,,,
,,,
,,Query,
,,with agg_table,
,,as,
,,"(select  year,sensor_name,sum(hourly_counts) as count  from pedestrian_table where year >= 2019",
,,"group by year,sensor_name)",
,,"select a2.*, ((a2.count-a1.count)/a1.count)*100 percentage_drop from agg_table a1, agg_Table a2",
,,where a2.sensor_name = a1.sensor_name,
,,and a1.year = 2019,
,,and a2.year >2019 and a2.year <= 2021,
,,order by percentage_drop asc,
,,limit 5,
